시점,품목별,수도권,강원,경남,경북,전남,전북,충남,충북
2018-01,신문지,147.0,139.0,149.0,150.0,151.0,150.0,147.0,152.0
2018-01,PS FLAKE,550.0,0.0,544.0,546.0,0.0,0.0,0.0,541.0
2018-01,ABS FLAKE,653.0,0.0,668.0,655.0,641.0,0.0,0.0,641.0
2018-01,PVC FLAKE,0.0,0.0,438.0,436.0,0.0,0.0,0.0,0.0
2018-01,PE PELLET,763.0,743.0,755.0,759.0,754.0,756.0,745.0,746.0
2018-01,PP PELLET,660.0,646.0,663.0,666.0,662.0,661.0,655.0,664.0
2018-01,PS PELLET,0.0,0.0,762.0,0.0,0.0,0.0,0.0,747.0
2018-01,ABS PELLET,1035.0,0.0,0.0,1050.0,1041.0,0.0,0.0,979.0
2018-01,EPS PELLET,910.0,0.0,0.0,0.0,0.0,0.0,0.0,0.0
2018-01,압축 PET,278.0,269.0,283.0,275.0,280.0,266.0,284.0,269.0
2018-01,압축 PE,371.0,343.0,361.0,360.0,365.0,361.0,357.0,359.0
2018-01,압축 PP,329.0,314.0,332.0,327.0,333.0,325.0,323.0,321.0
2018-01,백색유리병,57.0,52.0,59.0,58.0,60.0,57.0,56.0,55.0
2018-01,갈색유리병,36.0,28.0,35.0,35.0,37.0,35.0,37.0,30.0
2018-01,청&녹색유리병,26.0,22.0,26.0,23.0,25.0,26.0,25.0,24.0
2018-01,고철,244.0,237.0,247.0,252.0,251.0,249.0,248.0,246.0
2018-01,철캔,212.0,209.0,212.0,214.0,215.0,210.0,210.0,215.0
2018-01,알루미늄캔,1157.0,1109.0,1149.0,1158.0,1130.0,1146.0,1150.0,1139.0
2018-01,발포스티렌,651.0,611.0,638.0,627.0,629.0,632.0,624.0,628.0
2018-01,고무분말,0.0,0.0,0.0,233.0,235.0,0.0,0.0,0.0
2018-01,PP FLAKE,513.0,491.0,506.0,512.0,503.0,509.0,505.0,514.0
2018-01,PE FLAKE,563.0,543.0,562.0,562.0,557.0,555.0,553.0,550.0
2018-01,골판지,136.0,128.0,137.0,139.0,138.0,138.0,136.0,139.0
2018-02,압축 PE,368.0,346.0,361.0,360.0,363.0,361.0,358.0,359.0
2018-02,PS FLAKE,568.0,0.0,582.0,545.0,0.0,0.0,0.0,574.0
2018-02,ABS FLAKE,651.0,0.0,667.0,655.0,663.0,0.0,0.0,667.0
2018-02,PVC FLAKE,0.0,0.0,431.0,428.0,0.0,0.0,0.0,0.0
2018-02,PE PELLET,761.0,746.0,759.0,757.0,754.0,756.0,751.0,752.0
2018-02,PP PELLET,663.0,651.0,661.0,665.0,662.0,661.0,660.0,668.0
2018-02,PS PELLET,0.0,0.0,761.0,0.0,0.0,0.0,0.0,762.0
2018-02,ABS PELLET,1066.0,0.0,0.0,1089.0,1064.0,0.0,0.0,1039.0
2018-02,EPS PELLET,982.0,0.0,0.0,0.0,0.0,0.0,0.0,0.0
2018-02,압축 PET,263.0,253.0,264.0,265.0,263.0,260.0,264.0,259.0
2018-02,골판지,123.0,116.0,122.0,120.0,122.0,119.0,118.0,122.0
2018-02,압축 PP,329.0,319.0,331.0,332.0,331.0,325.0,330.0,320.0
2018-02,백색유리병,58.0,52.0,59.0,57.0,60.0,57.0,56.0,55.0
2018-02,갈색유리병,36.0,28.0,35.0,34.0,37.0,35.0,37.0,30.0
2018-02,청&녹색유리병,26.0,22.0,26.0,22.0,25.0,26.0,25.0,23.0
2018-02,고철,234.0,232.0,239.0,248.0,242.0,242.0,238.0,247.0
2018-02,철캔,212.0,209.0,213.0,213.0,212.0,208.0,212.0,214.0
2018-02,알루미늄캔,1170.0,1117.0,1155.0,1176.0,1170.0,1159.0,1176.0,1151.0
2018-02,발포스티렌,682.0,646.0,677.0,674.0,672.0,676.0,671.0,661.0
2018-02,고무분말,0.0,0.0,0.0,233.0,235.0,0.0,0.0,0.0
2018-02,PP FLAKE,521.0,500.0,514.0,516.0,512.0,515.0,513.0,520.0
2018-02,PE FLAKE,563.0,548.0,560.0,561.0,557.0,560.0,553.0,558.0
2018-02,신문지,141.0,136.0,140.0,142.0,141.0,142.0,139.0,142.0
2018-03,골판지,90.0,87.0,88.0,89.0,91.0,89.0,89.0,91.0
2018-03,신문지,110.0,107.0,107.0,109.0,111.0,112.0,110.0,112.0
2018-03,PP FLAKE,527.0,505.0,514.0,521.0,515.0,513.0,516.0,526.0
2018-03,PS FLAKE,580.0,0.0,582.0,550.0,0.0,0.0,0.0,574.0
2018-03,ABS FLAKE,681.0,0.0,684.0,672.0,663.0,0.0,0.0,686.0
2018-03,PVC FLAKE,0.0,0.0,443.0,428.0,0.0,0.0,0.0,0.0
2018-03,PE PELLET,766.0,746.0,759.0,757.0,753.0,754.0,761.0,752.0
2018-03,PP PELLET,677.0,651.0,665.0,672.0,656.0,661.0,660.0,675.0
2018-03,PS PELLET,0.0,0.0,761.0,0.0,0.0,0.0,0.0,781.0
2018-03,ABS PELLET,1133.0,0.0,0.0,1089.0,1059.0,0.0,0.0,1039.0
2018-03,EPS PELLET,1015.0,0.0,0.0,0.0,0.0,0.0,0.0,0.0
2018-03,압축 PET,257.0,243.0,254.0,259.0,257.0,250.0,254.0,247.0
2018-03,압축 PE,372.0,356.0,364.0,360.0,363.0,360.0,358.0,369.0
2018-03,압축 PP,332.0,320.0,331.0,332.0,331.0,325.0,330.0,333.0
2018-03,백색유리병,58.0,53.0,59.0,58.0,60.0,56.0,56.0,55.0
2018-03,갈색유리병,36.0,29.0,35.0,34.0,36.0,35.0,36.0,30.0
2018-03,청&녹색유리병,25.0,23.0,25.0,23.0,25.0,25.0,25.0,23.0
2018-03,고철,238.0,234.0,240.0,243.0,241.0,237.0,240.0,241.0
2018-03,철캔,210.0,209.0,209.0,210.0,211.0,207.0,213.0,213.0
2018-03,알루미늄캔,1153.0,1126.0,1143.0,1181.0,1168.0,1161.0,1191.0,1163.0
2018-03,발포스티렌,709.0,689.0,675.0,711.0,689.0,674.0,701.0,661.0
2018-03,고무분말,0.0,0.0,0.0,233.0,235.0,0.0,0.0,0.0
2018-03,PE FLAKE,566.0,552.0,560.0,564.0,556.0,561.0,559.0,558.0
2018-04,고무분말,0.0,0.0,0.0,233.0,235.0,0.0,0.0,0.0
2018-04,신문지,100.0,98.0,98.0,103.0,100.0,101.0,99.0,99.0
2018-04,철캔,209.0,209.0,210.0,210.0,209.0,207.0,211.0,209.0
2018-04,골판지,65.0,63.0,64.0,64.0,65.0,65.0,67.0,62.0
2018-04,PE FLAKE,567.0,555.0,562.0,562.0,568.0,566.0,569.0,558.0
2018-04,PP FLAKE,525.0,505.0,515.0,514.0,515.0,511.0,511.0,513.0
2018-04,PS FLAKE,578.0,0.0,568.0,552.0,0.0,0.0,0.0,556.0
2018-04,ABS FLAKE,689.0,0.0,672.0,670.0,663.0,0.0,0.0,686.0
2018-04,PVC FLAKE,0.0,0.0,443.0,428.0,0.0,0.0,0.0,0.0
2018-04,PE PELLET,768.0,746.0,759.0,757.0,759.0,758.0,758.0,749.0
2018-04,PP PELLET,671.0,651.0,665.0,665.0,659.0,661.0,660.0,668.0
2018-04,알루미늄캔,1107.0,1109.0,1111.0,1137.0,1166.0,1156.0,1165.0,1133.0
2018-04,PS PELLET,0.0,0.0,779.0,0.0,0.0,0.0,0.0,776.0
2018-04,EPS PELLET,997.0,0.0,0.0,0.0,0.0,0.0,0.0,0.0
2018-04,압축 PET,249.0,238.0,247.0,246.0,251.0,243.0,247.0,240.0
2018-04,압축 PE,368.0,356.0,364.0,360.0,353.0,359.0,358.0,367.0
2018-04,압축 PP,335.0,320.0,331.0,334.0,331.0,325.0,330.0,333.0
2018-04,백색유리병,58.0,53.0,57.0,58.0,62.0,58.0,58.0,55.0
2018-04,갈색유리병,36.0,29.0,36.0,34.0,35.0,36.0,37.0,30.0
2018-04,청&녹색유리병,24.0,22.0,24.0,24.0,25.0,23.0,26.0,23.0
2018-04,고철,244.0,240.0,248.0,244.0,238.0,246.0,237.0,244.0
2018-04,ABS PELLET,1113.0,0.0,0.0,1089.0,1109.0,0.0,0.0,1039.0
2018-04,발포스티렌,700.0,689.0,695.0,690.0,677.0,661.0,697.0,661.0
2018-05,EPS PELLET,995.0,0.0,0.0,0.0,0.0,0.0,0.0,0.0
2018-05,발포스티렌,694.0,689.0,685.0,681.0,668.0,660.0,689.0,661.0
2018-05,고무분말,0.0,0.0,0.0,233.0,235.0,0.0,0.0,0.0
2018-05,신문지,99.0,93.0,98.0,99.0,97.0,98.0,97.0,95.0
2018-05,골판지,64.0,60.0,64.0,63.0,65.0,64.0,64.0,61.0
2018-05,PE FLAKE,574.0,563.0,572.0,569.0,566.0,569.0,567.0,568.0
2018-05,PP FLAKE,520.0,500.0,514.0,518.0,514.0,513.0,508.0,513.0
2018-05,PS FLAKE,578.0,0.0,573.0,564.0,0.0,0.0,0.0,556.0
2018-05,PVC FLAKE,0.0,0.0,444.0,436.0,0.0,0.0,0.0,0.0
2018-05,PE PELLET,764.0,751.0,761.0,757.0,755.0,759.0,757.0,756.0
2018-05,PP PELLET,673.0,651.0,668.0,674.0,659.0,661.0,656.0,661.0
2018-05,PS PELLET,0.0,0.0,809.0,0.0,0.0,0.0,0.0,802.0
2018-05,ABS FLAKE,699.0,0.0,711.0,695.0,708.0,0.0,0.0,686.0
2018-05,압축 PET,249.0,238.0,247.0,242.0,244.0,235.0,247.0,242.0
2018-05,압축 PE,370.0,356.0,370.0,366.0,363.0,362.0,364.0,365.0
2018-05,압축 PP,335.0,320.0,333.0,333.0,331.0,330.0,330.0,330.0
2018-05,알루미늄캔,1120.0,1100.0,1117.0,1143.0,1138.0,1161.0,1161.0,1141.0
2018-05,백색유리병,58.0,53.0,57.0,58.0,61.0,59.0,58.0,55.0
2018-05,갈색유리병,36.0,29.0,36.0,33.0,36.0,36.0,37.0,30.0
2018-05,청&녹색유리병,25.0,22.0,24.0,24.0,25.0,23.0,25.0,23.0
2018-05,고철,231.0,225.0,234.0,228.0,224.0,228.0,226.0,227.0
2018-05,철캔,191.0,187.0,194.0,189.0,191.0,192.0,190.0,193.0
2018-05,ABS PELLET,1113.0,0.0,0.0,1089.0,1159.0,0.0,0.0,1039.0
2018-06,압축 PE,375.0,356.0,376.0,367.0,363.0,362.0,368.0,365.0
2018-06,압축 PP,336.0,320.0,333.0,333.0,330.0,330.0,330.0,330.0
2018-06,백색유리병,58.0,53.0,56.0,57.0,61.0,59.0,58.0,55.0
2018-06,알루미늄캔,1122.0,1106.0,1135.0,1158.0,1148.0,1162.0,1167.0,1149.0
2018-06,청&녹색유리병,25.0,22.0,25.0,24.0,25.0,22.0,25.0,23.0
2018-06,고철,233.0,229.0,234.0,236.0,226.0,234.0,232.0,228.0
2018-06,철캔,193.0,187.0,196.0,197.0,193.0,190.0,195.0,196.0
2018-06,압축 PET,249.0,238.0,246.0,242.0,244.0,233.0,247.0,242.0
2018-06,갈색유리병,36.0,29.0,37.0,33.0,36.0,36.0,37.0,30.0
2018-06,EPS PELLET,991.0,0.0,0.0,0.0,0.0,0.0,0.0,0.0
2018-06,골판지,69.0,60.0,65.0,63.0,68.0,65.0,68.0,61.0
2018-06,PS PELLET,0.0,0.0,809.0,0.0,0.0,0.0,0.0,811.0
2018-06,PP PELLET,670.0,651.0,667.0,672.0,664.0,661.0,653.0,661.0
2018-06,PE PELLET,766.0,751.0,761.0,756.0,755.0,755.0,757.0,759.0
2018-06,PVC FLAKE,0.0,0.0,444.0,436.0,0.0,0.0,0.0,0.0
2018-06,ABS FLAKE,699.0,0.0,711.0,696.0,708.0,0.0,0.0,688.0
2018-06,PS FLAKE,578.0,0.0,573.0,575.0,0.0,0.0,0.0,557.0
2018-06,PP FLAKE,515.0,495.0,514.0,518.0,514.0,511.0,507.0,513.0
2018-06,PE FLAKE,576.0,563.0,576.0,572.0,567.0,570.0,567.0,568.0
2018-06,발포스티렌,691.0,685.0,673.0,671.0,668.0,657.0,689.0,661.0
2018-06,신문지,99.0,96.0,98.0,100.0,101.0,98.0,99.0,97.0
2018-06,ABS PELLET,1113.0,0.0,0.0,1089.0,1159.0,0.0,0.0,1043.0
2018-06,고무분말,0.0,0.0,0.0,233.0,235.0,0.0,0.0,0.0
2018-07,PS PELLET,0.0,0.0,808.0,0.0,0.0,0.0,0.0,818.0
2018-07,골판지,65.0,59.0,63.0,62.0,68.0,61.0,68.0,56.0
2018-07,고무분말,0.0,0.0,0.0,233.0,235.0,0.0,0.0,0.0
2018-07,발포스티렌,687.0,687.0,673.0,664.0,665.0,657.0,684.0,662.0
2018-07,알루미늄캔,1122.0,1113.0,1144.0,1168.0,1153.0,1166.0,1173.0,1149.0
2018-07,철캔,199.0,193.0,199.0,205.0,201.0,195.0,199.0,201.0
2018-07,고철,237.0,232.0,245.0,243.0,233.0,240.0,241.0,234.0
2018-07,청&녹색유리병,24.0,22.0,25.0,24.0,25.0,22.0,25.0,23.0
2018-07,갈색유리병,36.0,29.0,37.0,33.0,36.0,36.0,36.0,30.0
2018-07,백색유리병,57.0,53.0,56.0,57.0,61.0,59.0,58.0,55.0
2018-07,압축 PP,339.0,320.0,334.0,333.0,326.0,329.0,323.0,330.0
2018-07,신문지,99.0,93.0,96.0,100.0,100.0,98.0,96.0,94.0
2018-07,압축 PE,385.0,356.0,380.0,372.0,361.0,362.0,368.0,365.0
2018-07,EPS PELLET,983.0,0.0,0.0,0.0,0.0,0.0,0.0,0.0
2018-07,ABS PELLET,1108.0,0.0,0.0,1089.0,1159.0,0.0,0.0,1053.0
2018-07,PP PELLET,672.0,651.0,665.0,672.0,654.0,661.0,655.0,658.0
2018-07,PE PELLET,771.0,751.0,761.0,761.0,760.0,759.0,767.0,761.0
2018-07,PVC FLAKE,0.0,0.0,444.0,436.0,0.0,0.0,0.0,0.0
2018-07,ABS FLAKE,699.0,0.0,716.0,696.0,708.0,0.0,0.0,697.0
2018-07,PS FLAKE,584.0,0.0,578.0,583.0,0.0,0.0,0.0,562.0
2018-07,PP FLAKE,513.0,490.0,518.0,523.0,516.0,514.0,510.0,514.0
2018-07,PE FLAKE,578.0,566.0,582.0,583.0,575.0,574.0,576.0,568.0
2018-07,압축 PET,248.0,238.0,248.0,242.0,244.0,233.0,247.0,242.0
2018-08,고무분말,0.0,0.0,0.0,232.0,235.0,0.0,0.0,0.0
2018-08,발포스티렌,677.0,682.0,678.0,664.0,665.0,657.0,674.0,665.0
2018-08,ABS PELLET,1118.0,0.0,0.0,1089.0,1159.0,0.0,0.0,1058.0
2018-08,철캔,208.0,200.0,204.0,214.0,216.0,199.0,206.0,219.0
2018-08,고철,251.0,249.0,248.0,259.0,246.0,248.0,251.0,234.0
2018-08,청&녹색유리병,24.0,22.0,25.0,24.0,25.0,22.0,25.0,23.0
2018-08,갈색유리병,36.0,29.0,37.0,33.0,36.0,35.0,36.0,30.0
2018-08,백색유리병,57.0,53.0,56.0,57.0,61.0,59.0,58.0,55.0
2018-08,압축 PP,342.0,320.0,339.0,337.0,326.0,329.0,323.0,333.0
2018-08,압축 PE,388.0,356.0,380.0,377.0,366.0,362.0,368.0,372.0
2018-08,압축 PET,251.0,238.0,252.0,242.0,246.0,234.0,247.0,245.0
2018-08,EPS PELLET,978.0,0.0,0.0,0.0,0.0,0.0,0.0,0.0
2018-08,신문지,102.0,91.0,96.0,102.0,97.0,98.0,100.0,94.0
2018-08,PS PELLET,0.0,0.0,828.0,0.0,0.0,0.0,0.0,831.0
2018-08,PP PELLET,680.0,651.0,670.0,672.0,657.0,661.0,655.0,658.0
2018-08,PE PELLET,776.0,751.0,761.0,761.0,762.0,759.0,777.0,761.0
2018-08,PVC FLAKE,0.0,0.0,439.0,436.0,0.0,0.0,0.0,0.0
2018-08,ABS FLAKE,699.0,0.0,716.0,704.0,708.0,0.0,0.0,704.0
2018-08,PS FLAKE,589.0,0.0,591.0,585.0,0.0,0.0,0.0,562.0
2018-08,PP FLAKE,514.0,490.0,516.0,517.0,521.0,513.0,510.0,514.0
2018-08,PE FLAKE,579.0,568.0,579.0,580.0,582.0,573.0,581.0,573.0
2018-08,골판지,69.0,59.0,62.0,65.0,67.0,61.0,68.0,56.0
2018-08,알루미늄캔,1099.0,1099.0,1124.0,1138.0,1126.0,1159.0,1156.0,1126.0
2018-09,발포스티렌,679.0,682.0,674.0,664.0,668.0,657.0,677.0,665.0
2018-09,고무분말,0.0,0.0,0.0,232.0,235.0,0.0,0.0,0.0
2018-09,철캔,209.0,200.0,208.0,215.0,215.0,202.0,207.0,214.0
2018-09,골판지,71.0,65.0,62.0,66.0,67.0,64.0,68.0,58.0
2018-09,PE FLAKE,582.0,574.0,589.0,584.0,583.0,577.0,583.0,583.0
2018-09,PP FLAKE,514.0,490.0,518.0,518.0,522.0,512.0,504.0,518.0
2018-09,PS FLAKE,594.0,0.0,591.0,585.0,0.0,0.0,0.0,562.0
2018-09,ABS FLAKE,701.0,0.0,721.0,704.0,708.0,0.0,0.0,709.0
2018-09,PVC FLAKE,0.0,0.0,440.0,436.0,0.0,0.0,0.0,0.0
2018-09,PE PELLET,781.0,751.0,771.0,766.0,769.0,757.0,779.0,767.0
2018-09,PP PELLET,682.0,651.0,674.0,672.0,657.0,661.0,653.0,662.0
2018-09,PS PELLET,0.0,0.0,828.0,0.0,0.0,0.0,0.0,831.0
2018-09,신문지,104.0,96.0,95.0,106.0,98.0,97.0,100.0,94.0
2018-09,ABS PELLET,1118.0,0.0,0.0,1089.0,1159.0,0.0,0.0,1063.0
2018-09,EPS PELLET,978.0,0.0,0.0,0.0,0.0,0.0,0.0,0.0
2018-09,압축 PET,254.0,238.0,253.0,242.0,246.0,238.0,245.0,247.0
2018-09,압축 PE,389.0,356.0,380.0,379.0,369.0,362.0,370.0,372.0
2018-09,압축 PP,342.0,320.0,339.0,338.0,328.0,329.0,323.0,333.0
2018-09,백색유리병,57.0,53.0,56.0,57.0,61.0,59.0,58.0,55.0
2018-09,갈색유리병,36.0,29.0,37.0,33.0,36.0,36.0,37.0,30.0
2018-09,청&녹색유리병,24.0,22.0,25.0,24.0,25.0,22.0,25.0,23.0
2018-09,고철,251.0,257.0,259.0,270.0,253.0,258.0,255.0,234.0
2018-09,알루미늄캔,1079.0,1086.0,1103.0,1108.0,1106.0,1141.0,1143.0,1106.0
2018-10,발포스티렌,679.0,682.0,672.0,671.0,667.0,661.0,677.0,667.0
2018-10,EPS PELLET,980.0,0.0,0.0,0.0,0.0,0.0,0.0,0.0
2018-10,ABS PELLET,1118.0,0.0,0.0,1089.0,1159.0,0.0,0.0,1069.0
2018-10,골판지,74.0,69.0,63.0,67.0,67.0,68.0,69.0,58.0
2018-10,PE FLAKE,584.0,574.0,594.0,584.0,588.0,581.0,583.0,583.0
2018-10,PP FLAKE,518.0,490.0,525.0,522.0,524.0,514.0,504.0,522.0
2018-10,PS FLAKE,596.0,0.0,596.0,590.0,0.0,0.0,0.0,566.0
2018-10,ABS FLAKE,704.0,0.0,721.0,706.0,708.0,0.0,0.0,709.0
2018-10,PVC FLAKE,0.0,0.0,441.0,439.0,0.0,0.0,0.0,0.0
2018-10,PE PELLET,786.0,761.0,787.0,766.0,771.0,757.0,779.0,767.0
2018-10,PP PELLET,686.0,651.0,674.0,672.0,659.0,661.0,653.0,663.0
2018-10,PS PELLET,0.0,0.0,838.0,0.0,0.0,0.0,0.0,837.0
2018-10,고무분말,0.0,0.0,0.0,232.0,235.0,0.0,0.0,0.0
2018-10,압축 PET,270.0,244.0,263.0,246.0,251.0,244.0,250.0,247.0
2018-10,압축 PE,393.0,356.0,394.0,379.0,372.0,365.0,370.0,372.0
2018-10,압축 PP,342.0,320.0,343.0,338.0,328.0,334.0,323.0,333.0
2018-10,백색유리병,57.0,53.0,56.0,57.0,61.0,59.0,59.0,55.0
2018-10,갈색유리병,36.0,29.0,37.0,33.0,36.0,36.0,37.0,30.0
2018-10,청&녹색유리병,24.0,22.0,25.0,23.0,25.0,22.0,25.0,23.0
2018-10,고철,253.0,257.0,261.0,273.0,255.0,257.0,247.0,234.0
2018-10,철캔,209.0,199.0,211.0,215.0,216.0,202.0,207.0,214.0
2018-10,알루미늄캔,1076.0,1080.0,1087.0,1104.0,1091.0,1139.0,1133.0,1083.0
2018-10,신문지,104.0,98.0,94.0,106.0,98.0,97.0,98.0,94.0
2018-11,골판지,79.0,69.0,66.0,70.0,71.0,68.0,72.0,58.0
2018-11,고무분말,0.0,0.0,0.0,232.0,235.0,0.0,0.0,0.0
2018-11,알루미늄캔,1056.0,1080.0,1085.0,1094.0,1089.0,1137.0,1127.0,1085.0
2018-11,PE FLAKE,591.0,574.0,594.0,586.0,588.0,583.0,583.0,583.0
2018-11,PP FLAKE,520.0,490.0,525.0,526.0,524.0,516.0,507.0,530.0
2018-11,PS FLAKE,596.0,0.0,596.0,595.0,0.0,0.0,0.0,566.0
2018-11,ABS FLAKE,704.0,0.0,721.0,707.0,708.0,0.0,0.0,709.0
2018-11,PVC FLAKE,0.0,0.0,435.0,439.0,0.0,0.0,0.0,0.0
2018-11,PE PELLET,788.0,763.0,786.0,772.0,771.0,757.0,779.0,767.0
2018-11,PP PELLET,690.0,651.0,674.0,672.0,659.0,661.0,658.0,666.0
2018-11,PS PELLET,0.0,0.0,838.0,0.0,0.0,0.0,0.0,837.0
2018-11,발포스티렌,689.0,682.0,673.0,671.0,670.0,661.0,692.0,667.0
2018-11,ABS PELLET,1118.0,0.0,0.0,1089.0,1169.0,0.0,0.0,1069.0
2018-11,압축 PET,278.0,244.0,266.0,246.0,251.0,252.0,255.0,262.0
2018-11,압축 PE,402.0,356.0,394.0,379.0,372.0,365.0,377.0,372.0
2018-11,압축 PP,352.0,320.0,343.0,338.0,328.0,334.0,331.0,336.0
2018-11,백색유리병,57.0,53.0,56.0,57.0,61.0,59.0,59.0,55.0
2018-11,갈색유리병,36.0,29.0,37.0,33.0,36.0,36.0,37.0,30.0
2018-11,청&녹색유리병,23.0,22.0,25.0,23.0,25.0,22.0,25.0,23.0
2018-11,고철,238.0,256.0,257.0,263.0,243.0,254.0,243.0,224.0
2018-11,철캔,204.0,195.0,203.0,207.0,208.0,200.0,203.0,209.0
2018-11,EPS PELLET,990.0,0.0,0.0,0.0,0.0,0.0,0.0,0.0
2018-11,신문지,105.0,98.0,96.0,110.0,104.0,97.0,99.0,94.0
2018-12,신문지,107.0,107.0,102.0,126.0,112.0,100.0,105.0,103.0
2018-12,갈색유리병,36.0,29.0,37.0,33.0,36.0,36.0,37.0,30.0
2018-12,고무분말,0.0,0.0,0.0,229.0,235.0,0.0,0.0,0.0
2018-12,발포스티렌,719.0,687.0,673.0,689.0,670.0,681.0,717.0,693.0
2018-12,알루미늄캔,1049.0,1064.0,1038.0,1044.0,1059.0,1123.0,1099.0,1050.0
2018-12,철캔,191.0,187.0,194.0,197.0,188.0,187.0,193.0,191.0
2018-12,고철,216.0,246.0,241.0,235.0,235.0,235.0,217.0,200.0
2018-12,청&녹색유리병,23.0,22.0,25.0,23.0,25.0,22.0,25.0,23.0
2018-12,백색유리병,57.0,53.0,56.0,57.0,61.0,59.0,59.0,55.0
2018-12,압축 PP,352.0,320.0,343.0,346.0,328.0,334.0,334.0,336.0
2018-12,압축 PET,282.0,244.0,268.0,246.0,255.0,255.0,258.0,262.0
2018-12,EPS PELLET,1015.0,0.0,0.0,0.0,0.0,0.0,0.0,0.0
2018-12,압축 PE,406.0,356.0,394.0,384.0,372.0,365.0,377.0,372.0
2018-12,PS PELLET,0.0,0.0,838.0,0.0,0.0,0.0,0.0,824.0
2018-12,PP PELLET,694.0,651.0,671.0,676.0,645.0,661.0,658.0,655.0
2018-12,PE PELLET,780.0,763.0,782.0,772.0,751.0,757.0,771.0,767.0
2018-12,PVC FLAKE,0.0,0.0,437.0,439.0,0.0,0.0,0.0,0.0
2018-12,ABS FLAKE,704.0,0.0,721.0,713.0,708.0,0.0,0.0,701.0
2018-12,PS FLAKE,586.0,0.0,596.0,592.0,0.0,0.0,0.0,566.0
2018-12,PP FLAKE,519.0,490.0,525.0,521.0,527.0,518.0,512.0,522.0
2018-12,PE FLAKE,586.0,569.0,594.0,589.0,591.0,584.0,583.0,579.0
2018-12,골판지,82.0,78.0,70.0,81.0,84.0,72.0,81.0,61.0
2018-12,ABS PELLET,1118.0,0.0,0.0,1089.0,1119.0,0.0,0.0,1069.0
2019-01,ABS FLAKE,704.0,0.0,726.0,710.0,708.0,0.0,0.0,701.0
2019-01,PP PELLET,693.0,651.0,671.0,676.0,645.0,661.0,663.0,651.0
2019-01,PE PELLET,779.0,763.0,790.0,772.0,754.0,756.0,776.0,769.0
2019-01,PVC FLAKE,0.0,0.0,437.0,439.0,0.0,0.0,0.0,0.0
2019-01,PS FLAKE,590.0,0.0,606.0,588.0,0.0,0.0,0.0,576.0
2019-01,고철,240.0,251.0,250.0,241.0,250.0,246.0,231.0,205.0
2019-01,PE FLAKE,584.0,569.0,595.0,594.0,591.0,580.0,579.0,574.0
2019-01,골판지,90.0,85.0,74.0,82.0,99.0,76.0,85.0,61.0
2019-01,신문지,111.0,110.0,110.0,129.0,124.0,103.0,109.0,103.0
2019-01,PS PELLET,0.0,0.0,848.0,0.0,0.0,0.0,0.0,824.0
2019-01,PP FLAKE,521.0,490.0,525.0,524.0,527.0,519.0,511.0,509.0
2019-01,ABS PELLET,1118.0,0.0,0.0,1089.0,1119.0,0.0,0.0,1064.0
2019-01,발포스티렌,724.0,717.0,676.0,684.0,680.0,681.0,715.0,698.0
2019-01,압축 PET,284.0,254.0,271.0,251.0,255.0,256.0,256.0,262.0
2019-01,압축 PE,406.0,371.0,398.0,384.0,372.0,364.0,377.0,372.0
2019-01,압축 PP,352.0,335.0,343.0,346.0,328.0,334.0,334.0,336.0
2019-01,백색유리병,57.0,52.0,56.0,57.0,61.0,59.0,59.0,55.0
2019-01,갈색유리병,36.0,29.0,37.0,33.0,34.0,36.0,37.0,30.0
2019-01,청&녹색유리병,23.0,22.0,25.0,23.0,23.0,22.0,25.0,23.0
2019-01,철캔,194.0,194.0,199.0,198.0,189.0,188.0,194.0,198.0
2019-01,알루미늄캔,1059.0,1065.0,1033.0,1039.0,1059.0,1113.0,1089.0,1050.0
2019-01,고무분말,0.0,0.0,0.0,225.0,235.0,0.0,0.0,0.0
2019-01,EPS PELLET,1015.0,0.0,0.0,0.0,0.0,0.0,0.0,0.0
2019-02,PP PELLET,690.0,651.0,663.0,676.0,640.0,661.0,663.0,647.0
2019-02,PVC FLAKE,0.0,0.0,432.0,439.0,0.0,0.0,0.0,0.0
2019-02,PE PELLET,779.0,763.0,788.0,772.0,748.0,754.0,776.0,765.0
2019-02,ABS FLAKE,704.0,0.0,726.0,713.0,708.0,0.0,0.0,696.0
2019-02,신문지,112.0,111.0,110.0,129.0,124.0,104.0,111.0,103.0
2019-02,PP FLAKE,519.0,491.0,525.0,525.0,527.0,519.0,511.0,499.0
2019-02,PE FLAKE,585.0,571.0,590.0,596.0,587.0,580.0,583.0,574.0
2019-02,골판지,93.0,86.0,75.0,82.0,99.0,80.0,89.0,61.0
2019-02,PS PELLET,0.0,0.0,848.0,0.0,0.0,0.0,0.0,819.0
2019-02,PS FLAKE,590.0,0.0,606.0,591.0,0.0,0.0,0.0,576.0
2019-02,ABS PELLET,1118.0,0.0,0.0,1089.0,1119.0,0.0,0.0,1060.0
2019-02,EPS PELLET,1015.0,0.0,0.0,0.0,0.0,0.0,0.0,0.0
2019-02,고무분말,0.0,0.0,0.0,224.0,235.0,0.0,0.0,0.0
2019-02,압축 PE,406.0,371.0,398.0,388.0,372.0,364.0,377.0,375.0
2019-02,압축 PP,352.0,335.0,343.0,350.0,328.0,334.0,334.0,336.0
2019-02,백색유리병,57.0,52.0,56.0,57.0,61.0,59.0,59.0,55.0
2019-02,갈색유리병,36.0,29.0,37.0,33.0,34.0,36.0,37.0,30.0
2019-02,청&녹색유리병,23.0,22.0,25.0,23.0,23.0,22.0,25.0,23.0
2019-02,고철,235.0,249.0,242.0,243.0,250.0,249.0,223.0,205.0
2019-02,철캔,194.0,193.0,195.0,199.0,193.0,187.0,193.0,198.0
2019-02,알루미늄캔,1054.0,1049.0,1009.0,1004.0,1024.0,1083.0,1074.0,1020.0
2019-02,발포스티렌,723.0,717.0,669.0,692.0,675.0,681.0,718.0,698.0
2019-02,압축 PET,284.0,254.0,271.0,254.0,255.0,260.0,256.0,267.0
2019-03,압축 PP,349.0,335.0,343.0,350.0,329.0,334.0,334.0,336.0
2019-03,백색유리병,57.0,52.0,56.0,57.0,61.0,59.0,59.0,55.0
2019-03,갈색유리병,36.0,29.0,37.0,33.0,34.0,36.0,37.0,30.0
2019-03,청&녹색유리병,23.0,22.0,25.0,23.0,23.0,22.0,25.0,23.0
2019-03,골판지,84.0,80.0,68.0,72.0,89.0,73.0,81.0,53.0
2019-03,철캔,197.0,194.0,201.0,199.0,197.0,193.0,196.0,198.0
2019-03,알루미늄캔,1067.0,1053.0,1009.0,1016.0,1034.0,1085.0,1084.0,1020.0
2019-03,압축 PE,405.0,371.0,398.0,388.0,373.0,364.0,377.0,376.0
2019-03,고철,250.0,253.0,243.0,249.0,248.0,249.0,225.0,205.0
2019-03,압축 PET,283.0,254.0,272.0,254.0,255.0,258.0,256.0,268.0
2019-03,PE PELLET,777.0,763.0,780.0,772.0,749.0,754.0,776.0,762.0
2019-03,ABS PELLET,1113.0,0.0,0.0,1089.0,1114.0,0.0,0.0,1060.0
2019-03,PS PELLET,0.0,0.0,848.0,0.0,0.0,0.0,0.0,819.0
2019-03,PP PELLET,687.0,651.0,663.0,676.0,641.0,661.0,663.0,647.0
2019-03,발포스티렌,723.0,717.0,659.0,687.0,670.0,676.0,713.0,693.0
2019-03,PVC FLAKE,0.0,0.0,432.0,439.0,0.0,0.0,0.0,0.0
2019-03,ABS FLAKE,704.0,0.0,726.0,714.0,708.0,0.0,0.0,696.0
2019-03,PS FLAKE,585.0,0.0,606.0,591.0,0.0,0.0,0.0,576.0
2019-03,PP FLAKE,516.0,491.0,520.0,525.0,527.0,519.0,511.0,499.0
2019-03,PE FLAKE,582.0,571.0,585.0,596.0,587.0,580.0,583.0,570.0
2019-03,EPS PELLET,1015.0,0.0,0.0,0.0,0.0,0.0,0.0,0.0
2019-03,고무분말,0.0,0.0,0.0,225.0,235.0,0.0,0.0,0.0
2019-03,신문지,100.0,99.0,95.0,106.0,104.0,89.0,96.0,93.0
2019-04,ABS PELLET,1113.0,0.0,0.0,1089.0,1114.0,0.0,0.0,1060.0
2019-04,신문지,99.0,97.0,93.0,106.0,103.0,89.0,95.0,93.0
2019-04,골판지,81.0,79.0,67.0,72.0,89.0,72.0,79.0,53.0
2019-04,PE FLAKE,581.0,571.0,587.0,598.0,587.0,580.0,583.0,570.0
2019-04,PP FLAKE,515.0,489.0,520.0,525.0,527.0,519.0,507.0,497.0
2019-04,PS FLAKE,583.0,0.0,606.0,592.0,0.0,0.0,0.0,576.0
2019-04,ABS FLAKE,704.0,0.0,726.0,714.0,708.0,0.0,0.0,696.0
2019-04,PVC FLAKE,0.0,0.0,432.0,436.0,0.0,0.0,0.0,0.0
2019-04,PE PELLET,775.0,760.0,777.0,772.0,747.0,754.0,773.0,762.0
2019-04,PP PELLET,685.0,650.0,659.0,676.0,641.0,661.0,659.0,647.0
2019-04,PS PELLET,0.0,0.0,858.0,0.0,0.0,0.0,0.0,819.0
2019-04,청&녹색유리병,23.0,22.0,25.0,23.0,23.0,22.0,25.0,23.0
2019-04,EPS PELLET,1015.0,0.0,0.0,0.0,0.0,0.0,0.0,0.0
2019-04,압축 PET,283.0,254.0,273.0,255.0,255.0,258.0,256.0,268.0
2019-04,압축 PE,405.0,371.0,398.0,388.0,371.0,365.0,377.0,376.0
2019-04,압축 PP,349.0,335.0,343.0,350.0,327.0,335.0,334.0,336.0
2019-04,백색유리병,57.0,52.0,56.0,57.0,61.0,59.0,59.0,55.0
2019-04,갈색유리병,36.0,29.0,37.0,33.0,34.0,36.0,37.0,30.0
2019-04,고철,257.0,256.0,248.0,254.0,256.0,248.0,230.0,205.0
2019-04,철캔,201.0,196.0,202.0,209.0,200.0,196.0,198.0,203.0
2019-04,알루미늄캔,1068.0,1053.0,1008.0,1018.0,1036.0,1087.0,1079.0,1015.0
2019-04,발포스티렌,723.0,717.0,664.0,677.0,670.0,674.0,713.0,693.0
2019-04,고무분말,0.0,0.0,0.0,224.0,233.0,0.0,0.0,0.0
2019-05,신문지,96.0,91.0,86.0,96.0,103.0,83.0,92.0,93.0
2019-05,골판지,81.0,78.0,67.0,70.0,88.0,72.0,79.0,53.0
2019-05,갈색유리병,36.0,29.0,37.0,33.0,34.0,36.0,37.0,30.0
2019-05,고무분말,0.0,0.0,0.0,219.0,233.0,0.0,0.0,0.0
2019-05,발포스티렌,724.0,717.0,669.0,674.0,670.0,672.0,708.0,693.0
2019-05,알루미늄캔,1058.0,1053.0,1003.0,1008.0,1036.0,1072.0,1079.0,1005.0
2019-05,철캔,186.0,182.0,187.0,194.0,180.0,180.0,188.0,193.0
2019-05,고철,243.0,241.0,228.0,234.0,236.0,233.0,210.0,205.0
2019-05,청&녹색유리병,23.0,22.0,25.0,23.0,23.0,22.0,25.0,22.0
2019-05,백색유리병,57.0,52.0,56.0,57.0,61.0,59.0,59.0,56.0
2019-05,압축 PP,341.0,335.0,343.0,351.0,327.0,335.0,334.0,336.0
2019-05,압축 PET,285.0,254.0,273.0,255.0,254.0,256.0,256.0,265.0
2019-05,압축 PE,395.0,371.0,398.0,389.0,371.0,365.0,377.0,376.0
2019-05,ABS PELLET,1113.0,0.0,0.0,1089.0,1114.0,0.0,0.0,1060.0
2019-05,PS PELLET,0.0,0.0,848.0,0.0,0.0,0.0,0.0,819.0
2019-05,PP PELLET,685.0,650.0,661.0,676.0,640.0,661.0,659.0,651.0
2019-05,PE PELLET,774.0,760.0,776.0,772.0,745.0,754.0,773.0,762.0
2019-05,PVC FLAKE,0.0,0.0,432.0,436.0,0.0,0.0,0.0,0.0
2019-05,ABS FLAKE,699.0,0.0,726.0,712.0,708.0,0.0,0.0,696.0
2019-05,PS FLAKE,581.0,0.0,606.0,591.0,0.0,0.0,0.0,576.0
2019-05,PP FLAKE,513.0,489.0,522.0,525.0,527.0,520.0,505.0,500.0
2019-05,PE FLAKE,581.0,568.0,587.0,594.0,585.0,582.0,583.0,570.0
2019-05,EPS PELLET,1015.0,0.0,0.0,0.0,0.0,0.0,0.0,0.0
2019-06,갈색유리병,36.0,29.0,37.0,33.0,34.0,36.0,37.0,30.0
2019-06,압축 PE,389.0,371.0,398.0,389.0,371.0,365.0,375.0,376.0
2019-06,백색유리병,57.0,52.0,56.0,57.0,61.0,59.0,59.0,57.0
2019-06,청&녹색유리병,23.0,23.0,25.0,25.0,23.0,22.0,25.0,23.0
2019-06,고철,253.0,246.0,238.0,240.0,244.0,243.0,226.0,208.0
2019-06,알루미늄캔,1048.0,1041.0,993.0,978.0,1021.0,1056.0,1069.0,1000.0
2019-06,발포스티렌,724.0,717.0,673.0,672.0,670.0,672.0,718.0,703.0
2019-06,고무분말,0.0,0.0,0.0,219.0,233.0,0.0,0.0,0.0
2019-06,압축 PET,286.0,255.0,278.0,257.0,254.0,256.0,257.0,265.0
2019-06,철캔,188.0,184.0,183.0,191.0,190.0,182.0,190.0,196.0
2019-06,EPS PELLET,1011.0,0.0,0.0,0.0,0.0,0.0,0.0,0.0
2019-06,압축 PP,339.0,335.0,343.0,351.0,327.0,335.0,332.0,336.0
2019-06,PS PELLET,0.0,0.0,848.0,0.0,0.0,0.0,0.0,819.0
2019-06,ABS PELLET,1113.0,0.0,0.0,1089.0,1114.0,0.0,0.0,1055.0
2019-06,PE FLAKE,581.0,568.0,587.0,593.0,585.0,580.0,583.0,570.0
2019-06,PP FLAKE,512.0,489.0,518.0,524.0,527.0,518.0,506.0,502.0
2019-06,PS FLAKE,581.0,0.0,602.0,590.0,0.0,0.0,0.0,576.0
2019-06,골판지,81.0,77.0,66.0,67.0,88.0,70.0,80.0,58.0
2019-06,PVC FLAKE,0.0,0.0,434.0,436.0,0.0,0.0,0.0,0.0
2019-06,PE PELLET,772.0,759.0,781.0,772.0,744.0,754.0,773.0,760.0
2019-06,신문지,94.0,90.0,86.0,97.0,103.0,81.0,92.0,93.0
2019-06,PP PELLET,684.0,650.0,661.0,676.0,640.0,661.0,659.0,651.0
2019-06,ABS FLAKE,689.0,0.0,726.0,710.0,708.0,0.0,0.0,691.0
2019-07,고무분말,0.0,0.0,0.0,222.0,233.0,0.0,0.0,0.0
2019-07,압축 PE,389.0,371.0,398.0,386.0,369.0,365.0,375.0,376.0
2019-07,발포스티렌,723.0,719.0,666.0,672.0,665.0,672.0,718.0,703.0
2019-07,알루미늄캔,1048.0,1038.0,988.0,978.0,1020.0,1056.0,1047.0,1000.0
2019-07,철캔,181.0,176.0,179.0,184.0,185.0,177.0,182.0,181.0
2019-07,고철,228.0,226.0,218.0,220.0,234.0,228.0,209.0,207.0
2019-07,청&녹색유리병,23.0,23.0,25.0,25.0,23.0,22.0,25.0,22.0
2019-07,갈색유리병,36.0,29.0,37.0,33.0,34.0,36.0,37.0,30.0
2019-07,백색유리병,57.0,52.0,56.0,57.0,61.0,59.0,59.0,57.0
2019-07,압축 PP,339.0,335.0,341.0,349.0,324.0,335.0,332.0,336.0
2019-07,압축 PET,285.0,255.0,279.0,257.0,254.0,256.0,257.0,265.0
2019-07,PP PELLET,684.0,650.0,656.0,674.0,636.0,658.0,652.0,649.0
2019-07,ABS PELLET,1113.0,0.0,0.0,1089.0,1114.0,0.0,0.0,1051.0
2019-07,PS PELLET,0.0,0.0,848.0,0.0,0.0,0.0,0.0,819.0
2019-07,PE PELLET,767.0,754.0,779.0,766.0,740.0,752.0,763.0,756.0
2019-07,PVC FLAKE,0.0,0.0,432.0,436.0,0.0,0.0,0.0,0.0
2019-07,ABS FLAKE,689.0,0.0,726.0,710.0,708.0,0.0,0.0,688.0
2019-07,PS FLAKE,578.0,0.0,601.0,584.0,0.0,0.0,0.0,576.0
2019-07,PP FLAKE,509.0,489.0,515.0,521.0,523.0,517.0,503.0,502.0
2019-07,PE FLAKE,581.0,568.0,586.0,588.0,581.0,579.0,580.0,567.0
2019-07,골판지,66.0,64.0,60.0,61.0,68.0,62.0,65.0,57.0
2019-07,신문지,84.0,80.0,80.0,84.0,86.0,80.0,83.0,82.0
2019-07,EPS PELLET,1008.0,0.0,0.0,0.0,0.0,0.0,0.0,0.0
2019-08,PP PELLET,684.0,650.0,656.0,674.0,636.0,658.0,652.0,644.0
2019-08,ABS FLAKE,689.0,0.0,726.0,710.0,708.0,0.0,0.0,680.0
2019-08,PE PELLET,767.0,754.0,779.0,766.0,737.0,747.0,758.0,748.0
2019-08,PVC FLAKE,0.0,0.0,430.0,436.0,0.0,0.0,0.0,0.0
2019-08,PS FLAKE,578.0,0.0,601.0,584.0,0.0,0.0,0.0,576.0
2019-08,EPS PELLET,1008.0,0.0,0.0,0.0,0.0,0.0,0.0,0.0
2019-08,PE FLAKE,581.0,568.0,581.0,588.0,581.0,574.0,575.0,559.0
2019-08,골판지,66.0,64.0,60.0,62.0,68.0,62.0,65.0,57.0
2019-08,신문지,84.0,80.0,80.0,85.0,84.0,80.0,83.0,82.0
2019-08,PS PELLET,0.0,0.0,848.0,0.0,0.0,0.0,0.0,819.0
2019-08,PP FLAKE,507.0,489.0,515.0,519.0,523.0,517.0,503.0,498.0
2019-08,ABS PELLET,1113.0,0.0,0.0,1089.0,1084.0,0.0,0.0,1041.0
2019-08,압축 PET,289.0,253.0,282.0,257.0,254.0,256.0,257.0,265.0
2019-08,고무분말,0.0,0.0,0.0,220.0,233.0,0.0,0.0,0.0
2019-08,압축 PE,384.0,371.0,398.0,386.0,369.0,365.0,375.0,376.0
2019-08,압축 PP,338.0,335.0,342.0,349.0,324.0,335.0,332.0,336.0
2019-08,백색유리병,57.0,52.0,56.0,58.0,61.0,59.0,59.0,57.0
2019-08,갈색유리병,36.0,29.0,37.0,33.0,34.0,36.0,37.0,30.0
2019-08,청&녹색유리병,23.0,23.0,25.0,25.0,23.0,22.0,25.0,22.0
2019-08,고철,223.0,221.0,210.0,215.0,224.0,218.0,207.0,205.0
2019-08,철캔,176.0,173.0,174.0,179.0,180.0,172.0,180.0,175.0
2019-08,알루미늄캔,1063.0,1048.0,1008.0,1003.0,1050.0,1061.0,1057.0,1030.0
2019-08,발포스티렌,723.0,719.0,670.0,677.0,665.0,662.0,718.0,703.0
2019-09,PS PELLET,0.0,0.0,848.0,0.0,0.0,0.0,0.0,819.0
2019-09,PE PELLET,762.0,744.0,770.0,766.0,733.0,747.0,758.0,742.0
2019-09,PVC FLAKE,0.0,0.0,429.0,436.0,0.0,0.0,0.0,0.0
2019-09,ABS FLAKE,689.0,0.0,726.0,710.0,708.0,0.0,0.0,680.0
2019-09,PS FLAKE,578.0,0.0,596.0,584.0,0.0,0.0,0.0,576.0
2019-09,PP PELLET,680.0,650.0,650.0,674.0,636.0,658.0,652.0,644.0
2019-09,PE FLAKE,576.0,568.0,573.0,588.0,577.0,574.0,567.0,559.0
2019-09,골판지,66.0,64.0,60.0,62.0,68.0,62.0,65.0,60.0
2019-09,신문지,84.0,80.0,80.0,85.0,85.0,80.0,83.0,82.0
2019-09,ABS PELLET,1083.0,0.0,0.0,1089.0,1084.0,0.0,0.0,1041.0
2019-09,PP FLAKE,504.0,489.0,515.0,519.0,523.0,516.0,495.0,498.0
2019-09,EPS PELLET,1008.0,0.0,0.0,0.0,0.0,0.0,0.0,0.0
2019-09,압축 PP,338.0,335.0,340.0,349.0,324.0,335.0,328.0,333.0
2019-09,압축 PE,379.0,371.0,394.0,386.0,369.0,365.0,370.0,376.0
2019-09,고무분말,0.0,0.0,0.0,223.0,233.0,0.0,0.0,0.0
2019-09,압축 PET,289.0,253.0,282.0,257.0,254.0,256.0,257.0,265.0
2019-09,알루미늄캔,1063.0,1048.0,1013.0,1010.0,1060.0,1061.0,1060.0,1033.0
2019-09,철캔,178.0,173.0,176.0,183.0,185.0,174.0,182.0,173.0
2019-09,고철,233.0,226.0,215.0,221.0,229.0,220.0,214.0,205.0
2019-09,발포스티렌,723.0,719.0,664.0,677.0,660.0,662.0,721.0,703.0
2019-09,갈색유리병,36.0,29.0,37.0,33.0,34.0,36.0,37.0,30.0
2019-09,백색유리병,57.0,52.0,56.0,58.0,61.0,59.0,59.0,57.0
2019-09,청&녹색유리병,21.0,23.0,25.0,25.0,23.0,22.0,25.0,22.0
2019-10,철캔,157.0,153.0,156.0,158.0,160.0,159.0,157.0,153.0
2019-10,압축 PE,379.0,367.0,386.0,386.0,359.0,365.0,362.0,376.0
2019-10,알루미늄캔,1063.0,1048.0,1014.0,1009.0,1060.0,1061.0,1060.0,1033.0
2019-10,고철,203.0,201.0,185.0,191.0,199.0,200.0,184.0,185.0
2019-10,청&녹색유리병,21.0,23.0,25.0,25.0,23.0,22.0,25.0,23.0
2019-10,갈색유리병,36.0,29.0,37.0,33.0,34.0,36.0,37.0,31.0
2019-10,백색유리병,57.0,52.0,56.0,58.0,61.0,59.0,59.0,58.0
2019-10,압축 PP,338.0,335.0,334.0,349.0,318.0,335.0,326.0,333.0
2019-10,압축 PET,289.0,253.0,282.0,257.0,254.0,256.0,257.0,265.0
2019-10,신문지,82.0,80.0,78.0,85.0,82.0,79.0,81.0,82.0
2019-10,ABS PELLET,1063.0,0.0,0.0,1089.0,1084.0,0.0,0.0,1041.0
2019-10,PS PELLET,0.0,0.0,848.0,0.0,0.0,0.0,0.0,809.0
2019-10,PP PELLET,680.0,650.0,650.0,664.0,621.0,658.0,650.0,644.0
2019-10,PE PELLET,761.0,742.0,764.0,756.0,725.0,747.0,756.0,742.0
2019-10,PVC FLAKE,0.0,0.0,428.0,436.0,0.0,0.0,0.0,0.0
2019-10,ABS FLAKE,689.0,0.0,726.0,708.0,708.0,0.0,0.0,680.0
2019-10,PS FLAKE,578.0,0.0,596.0,584.0,0.0,0.0,0.0,576.0
2019-10,발포스티렌,723.0,721.0,663.0,677.0,660.0,656.0,721.0,693.0
2019-10,PP FLAKE,504.0,489.0,510.0,509.0,517.0,514.0,493.0,498.0
2019-10,EPS PELLET,1008.0,0.0,0.0,0.0,0.0,0.0,0.0,0.0
2019-10,고무분말,0.0,0.0,0.0,219.0,233.0,0.0,0.0,0.0
2019-10,골판지,63.0,60.0,58.0,62.0,63.0,57.0,60.0,58.0
2019-10,PE FLAKE,576.0,566.0,568.0,578.0,573.0,574.0,565.0,559.0
2019-11,발포스티렌,703.0,698.0,653.0,664.0,645.0,636.0,691.0,693.0
2019-11,신문지,80.0,74.0,71.0,78.0,77.0,74.0,80.0,80.0
2019-11,골판지,63.0,60.0,55.0,61.0,60.0,57.0,60.0,58.0
2019-11,PE FLAKE,571.0,561.0,568.0,570.0,563.0,568.0,560.0,556.0
2019-11,PP FLAKE,502.0,489.0,507.0,504.0,507.0,511.0,489.0,498.0
2019-11,PS FLAKE,578.0,0.0,596.0,574.0,0.0,0.0,0.0,576.0
2019-11,PVC FLAKE,0.0,0.0,428.0,430.0,0.0,0.0,0.0,0.0
2019-11,PE PELLET,752.0,742.0,754.0,741.0,710.0,732.0,752.0,742.0
2019-11,PP PELLET,675.0,650.0,647.0,661.0,611.0,658.0,650.0,644.0
2019-11,PS PELLET,0.0,0.0,848.0,0.0,0.0,0.0,0.0,809.0
2019-11,ABS PELLET,1063.0,0.0,0.0,1089.0,1084.0,0.0,0.0,1041.0
2019-11,EPS PELLET,1003.0,0.0,0.0,0.0,0.0,0.0,0.0,0.0
2019-11,압축 PET,293.0,253.0,284.0,261.0,257.0,259.0,260.0,270.0
2019-11,압축 PE,376.0,363.0,386.0,386.0,357.0,365.0,362.0,373.0
2019-11,압축 PP,336.0,331.0,334.0,349.0,318.0,335.0,326.0,330.0
2019-11,백색유리병,57.0,51.0,56.0,58.0,61.0,59.0,59.0,58.0
2019-11,갈색유리병,36.0,29.0,37.0,33.0,34.0,36.0,37.0,31.0
2019-11,청&녹색유리병,21.0,23.0,25.0,25.0,23.0,22.0,25.0,23.0
2019-11,고철,173.0,161.0,145.0,161.0,168.0,161.0,159.0,155.0
2019-11,철캔,142.0,141.0,140.0,143.0,145.0,144.0,137.0,141.0
2019-11,고무분말,0.0,0.0,0.0,219.0,233.0,0.0,0.0,0.0
2019-11,알루미늄캔,1043.0,1033.0,974.0,979.0,1020.0,1025.0,1030.0,1013.0
2019-11,ABS FLAKE,689.0,0.0,729.0,698.0,708.0,0.0,0.0,680.0
2019-12,PE FLAKE,565.0,556.0,563.0,567.0,560.0,558.0,555.0,556.0
2019-12,골판지,62.0,57.0,55.0,61.0,59.0,57.0,59.0,58.0
2019-12,EPS PELLET,990.0,0.0,0.0,0.0,0.0,0.0,0.0,0.0
2019-12,청&녹색유리병,21.0,23.0,25.0,25.0,23.0,22.0,25.0,24.0
2019-12,신문지,77.0,72.0,71.0,76.0,73.0,70.0,78.0,78.0
2019-12,발포스티렌,695.0,693.0,645.0,674.0,625.0,626.0,671.0,693.0
2019-12,알루미늄캔,1033.0,1023.0,967.0,969.0,1010.0,1015.0,1017.0,1000.0
2019-12,철캔,142.0,141.0,139.0,145.0,145.0,143.0,142.0,141.0
2019-12,고철,191.0,176.0,148.0,163.0,188.0,176.0,164.0,157.0
2019-12,갈색유리병,36.0,29.0,37.0,33.0,34.0,36.0,37.0,32.0
2019-12,백색유리병,57.0,51.0,56.0,58.0,62.0,59.0,59.0,58.0
2019-12,압축 PP,336.0,321.0,330.0,349.0,318.0,335.0,321.0,330.0
2019-12,압축 PE,371.0,350.0,381.0,386.0,342.0,355.0,357.0,373.0
2019-12,고무분말,0.0,0.0,0.0,216.0,233.0,0.0,0.0,0.0
2019-12,ABS PELLET,1046.0,0.0,0.0,1089.0,1059.0,0.0,0.0,1031.0
2019-12,PS PELLET,0.0,0.0,848.0,0.0,0.0,0.0,0.0,804.0
2019-12,PP PELLET,676.0,650.0,645.0,661.0,611.0,658.0,650.0,644.0
2019-12,PE PELLET,744.0,742.0,750.0,716.0,708.0,732.0,747.0,742.0
2019-12,PVC FLAKE,0.0,0.0,428.0,400.0,0.0,0.0,0.0,0.0
2019-12,ABS FLAKE,674.0,0.0,729.0,708.0,708.0,0.0,0.0,670.0
2019-12,PS FLAKE,578.0,0.0,593.0,574.0,0.0,0.0,0.0,571.0
2019-12,압축 PET,294.0,257.0,290.0,261.0,257.0,262.0,265.0,270.0
2019-12,PP FLAKE,497.0,486.0,507.0,504.0,506.0,505.0,484.0,497.0
2020-01,신문지,76.0,71.0,71.0,75.0,73.0,70.0,77.0,78.0
2020-01,압축 PP,331.0,318.0,330.0,349.0,318.0,335.0,321.0,331.0
2020-01,백색유리병,57.0,51.0,56.0,58.0,62.0,60.0,59.0,58.0
2020-01,갈색유리병,36.0,29.0,37.0,33.0,34.0,36.0,37.0,32.0
2020-01,청&녹색유리병,21.0,23.0,25.0,25.0,23.0,22.0,25.0,24.0
2020-01,발포스티렌,685.0,688.0,635.0,667.0,625.0,616.0,661.0,692.0
2020-01,철캔,149.0,146.0,145.0,154.0,158.0,148.0,143.0,147.0
2020-01,알루미늄캔,1033.0,1023.0,968.0,969.0,1010.0,1015.0,1017.0,1000.0
2020-01,압축 PE,364.0,347.0,381.0,386.0,342.0,355.0,357.0,370.0
2020-01,고철,207.0,193.0,158.0,174.0,201.0,186.0,184.0,157.0
2020-01,PP PELLET,673.0,650.0,645.0,661.0,608.0,658.0,646.0,639.0
2020-01,PS FLAKE,578.0,0.0,593.0,581.0,0.0,0.0,0.0,571.0
2020-01,EPS PELLET,980.0,0.0,0.0,0.0,0.0,0.0,0.0,0.0
2020-01,ABS PELLET,1046.0,0.0,0.0,1089.0,1059.0,0.0,0.0,1021.0
2020-01,PS PELLET,0.0,0.0,848.0,0.0,0.0,0.0,0.0,804.0
2020-01,PE PELLET,737.0,742.0,745.0,713.0,704.0,732.0,742.0,742.0
2020-01,PVC FLAKE,0.0,0.0,428.0,400.0,0.0,0.0,0.0,0.0
2020-01,ABS FLAKE,674.0,0.0,729.0,708.0,708.0,0.0,0.0,665.0
2020-01,PP FLAKE,494.0,486.0,507.0,504.0,505.0,505.0,482.0,492.0
2020-01,PE FLAKE,560.0,556.0,558.0,567.0,555.0,553.0,550.0,556.0
2020-01,골판지,62.0,57.0,55.0,61.0,59.0,57.0,59.0,58.0
2020-01,고무분말,0.0,0.0,0.0,213.0,233.0,0.0,0.0,0.0
2020-01,압축 PET,301.0,264.0,291.0,267.0,272.0,265.0,276.0,275.0
2020-02,압축 PE,358.0,340.0,376.0,386.0,337.0,345.0,347.0,367.0
2020-02,갈색유리병,36.0,29.0,37.0,33.0,34.0,36.0,37.0,32.0
2020-02,압축 PP,328.0,314.0,325.0,349.0,310.0,335.0,311.0,324.0
2020-02,백색유리병,57.0,51.0,56.0,58.0,62.0,60.0,59.0,58.0
2020-02,청&녹색유리병,21.0,23.0,25.0,25.0,23.0,22.0,25.0,24.0
2020-02,고무분말,0.0,0.0,0.0,210.0,233.0,0.0,0.0,0.0
2020-02,철캔,147.0,144.0,144.0,152.0,156.0,148.0,141.0,143.0
2020-02,알루미늄캔,1013.0,1008.0,966.0,959.0,1000.0,1005.0,1002.0,990.0
2020-02,발포스티렌,675.0,680.0,631.0,662.0,625.0,616.0,655.0,677.0
2020-02,압축 PET,320.0,274.0,310.0,273.0,277.0,275.0,300.0,280.0
2020-02,고철,199.0,188.0,153.0,169.0,196.0,185.0,174.0,156.0
2020-02,EPS PELLET,970.0,0.0,0.0,0.0,0.0,0.0,0.0,0.0
2020-02,신문지,75.0,69.0,70.0,73.0,73.0,69.0,75.0,75.0
2020-02,PS PELLET,0.0,0.0,848.0,0.0,0.0,0.0,0.0,801.0
2020-02,PP PELLET,668.0,645.0,640.0,659.0,603.0,653.0,641.0,639.0
2020-02,PE PELLET,733.0,737.0,740.0,713.0,700.0,727.0,737.0,732.0
2020-02,PVC FLAKE,0.0,0.0,428.0,400.0,0.0,0.0,0.0,0.0
2020-02,ABS FLAKE,674.0,0.0,729.0,708.0,698.0,0.0,0.0,677.0
2020-02,PS FLAKE,575.0,0.0,593.0,588.0,0.0,0.0,0.0,571.0
2020-02,PP FLAKE,492.0,484.0,507.0,504.0,500.0,505.0,480.0,492.0
2020-02,PE FLAKE,555.0,555.0,558.0,567.0,555.0,553.0,545.0,546.0
2020-02,골판지,60.0,53.0,53.0,58.0,59.0,55.0,57.0,56.0
2020-02,ABS PELLET,1046.0,0.0,0.0,1089.0,1059.0,0.0,0.0,1031.0
2020-03,백색유리병,58.0,51.0,56.0,58.0,62.0,60.0,60.0,59.0
2020-03,갈색유리병,36.0,29.0,37.0,33.0,34.0,36.0,38.0,33.0
2020-03,청&녹색유리병,21.0,23.0,25.0,25.0,23.0,22.0,25.0,24.0
2020-03,고무분말,0.0,0.0,0.0,213.0,233.0,0.0,0.0,0.0
2020-03,철캔,144.0,141.0,142.0,149.0,152.0,144.0,136.0,142.0
2020-03,알루미늄캔,999.0,996.0,954.0,950.0,990.0,995.0,977.0,960.0
2020-03,발포스티렌,652.0,650.0,611.0,642.0,617.0,616.0,630.0,657.0
2020-03,압축 PP,320.0,305.0,315.0,349.0,308.0,335.0,311.0,324.0
2020-03,고철,193.0,173.0,149.0,164.0,190.0,180.0,174.0,156.0
2020-03,압축 PE,343.0,330.0,366.0,386.0,332.0,345.0,347.0,347.0
2020-03,PP PELLET,666.0,645.0,640.0,654.0,603.0,653.0,640.0,637.0
2020-03,EPS PELLET,935.0,0.0,0.0,0.0,0.0,0.0,0.0,0.0
2020-03,ABS PELLET,1046.0,0.0,0.0,1089.0,1059.0,0.0,0.0,1016.0
2020-03,PS PELLET,0.0,0.0,848.0,0.0,0.0,0.0,0.0,801.0
2020-03,PE PELLET,719.0,737.0,738.0,700.0,696.0,723.0,732.0,723.0
2020-03,PVC FLAKE,0.0,0.0,428.0,400.0,0.0,0.0,0.0,0.0
2020-03,ABS FLAKE,674.0,0.0,719.0,711.0,698.0,0.0,0.0,672.0
2020-03,PS FLAKE,575.0,0.0,593.0,586.0,0.0,0.0,0.0,571.0
2020-03,PP FLAKE,487.0,484.0,505.0,501.0,500.0,501.0,478.0,492.0
2020-03,PE FLAKE,550.0,540.0,548.0,547.0,545.0,543.0,543.0,541.0
2020-03,신문지,74.0,67.0,70.0,72.0,72.0,68.0,75.0,74.0
2020-03,압축 PET,322.0,274.0,315.0,273.0,277.0,280.0,303.0,282.0
2020-03,골판지,60.0,51.0,52.0,58.0,59.0,53.0,57.0,55.0
2020-04,압축 PET,272.0,244.0,275.0,243.0,247.0,250.0,263.0,257.0
2020-04,발포스티렌,500.0,495.0,501.0,512.0,497.0,496.0,500.0,497.0
2020-04,철캔,130.0,126.0,127.0,139.0,142.0,134.0,121.0,122.0
2020-04,고철,153.0,143.0,124.0,139.0,160.0,155.0,144.0,126.0
2020-04,청&녹색유리병,21.0,23.0,25.0,25.0,23.0,22.0,25.0,24.0
2020-04,갈색유리병,36.0,29.0,37.0,33.0,34.0,36.0,38.0,33.0
2020-04,백색유리병,58.0,51.0,56.0,58.0,62.0,60.0,60.0,59.0
2020-04,압축 PP,300.0,280.0,285.0,319.0,278.0,305.0,281.0,299.0
2020-04,압축 PE,313.0,300.0,326.0,346.0,312.0,320.0,317.0,327.0
2020-04,EPS PELLET,755.0,0.0,0.0,0.0,0.0,0.0,0.0,0.0
2020-04,ABS PELLET,1006.0,0.0,0.0,1069.0,1009.0,0.0,0.0,976.0
2020-04,PS PELLET,0.0,0.0,0.0,0.0,0.0,0.0,0.0,751.0
2020-04,PP PELLET,651.0,640.0,620.0,644.0,593.0,648.0,635.0,617.0
2020-04,PE PELLET,699.0,707.0,708.0,680.0,656.0,693.0,702.0,693.0
2020-04,PVC FLAKE,0.0,0.0,408.0,390.0,0.0,0.0,0.0,0.0
2020-04,ABS FLAKE,634.0,0.0,669.0,691.0,658.0,0.0,0.0,632.0
2020-04,PS FLAKE,545.0,0.0,583.0,566.0,0.0,0.0,0.0,521.0
2020-04,PP FLAKE,467.0,464.0,480.0,481.0,470.0,461.0,448.0,462.0
2020-04,PE FLAKE,500.0,500.0,518.0,517.0,505.0,493.0,503.0,496.0
2020-04,골판지,60.0,51.0,52.0,58.0,59.0,53.0,57.0,55.0
2020-04,신문지,74.0,67.0,70.0,72.0,72.0,68.0,75.0,74.0
2020-04,알루미늄캔,950.0,946.0,894.0,900.0,960.0,955.0,927.0,890.0
2020-04,고무분말,0.0,0.0,0.0,203.0,233.0,0.0,0.0,0.0
2020-05,발포스티렌,450.0,445.0,451.0,462.0,447.0,446.0,450.0,447.0
2020-05,신문지,77.0,67.0,71.0,72.0,72.0,68.0,75.0,74.0
2020-05,알루미늄캔,930.0,926.0,844.0,845.0,910.0,905.0,877.0,840.0
2020-05,철캔,125.0,126.0,122.0,130.0,132.0,124.0,120.0,120.0
2020-05,고철,168.0,153.0,134.0,144.0,170.0,160.0,159.0,136.0
2020-05,청&녹색유리병,21.0,23.0,25.0,25.0,23.0,22.0,25.0,24.0
2020-05,갈색유리병,36.0,29.0,37.0,33.0,34.0,36.0,38.0,33.0
2020-05,백색유리병,58.0,51.0,56.0,58.0,62.0,60.0,60.0,59.0
2020-05,압축 PP,280.0,270.0,265.0,304.0,268.0,285.0,256.0,279.0
2020-05,압축 PE,293.0,290.0,291.0,316.0,292.0,300.0,287.0,297.0
2020-05,압축 PET,222.0,209.0,235.0,208.0,207.0,210.0,213.0,227.0
2020-05,EPS PELLET,705.0,0.0,0.0,0.0,0.0,0.0,0.0,0.0
2020-05,ABS PELLET,1006.0,0.0,0.0,1069.0,979.0,0.0,0.0,956.0
2020-05,PS PELLET,0.0,0.0,0.0,0.0,0.0,0.0,0.0,751.0
2020-05,PP PELLET,641.0,630.0,595.0,634.0,583.0,638.0,625.0,604.0
2020-05,PE PELLET,689.0,697.0,688.0,660.0,636.0,683.0,692.0,683.0
2020-05,PVC FLAKE,0.0,0.0,404.0,390.0,0.0,0.0,0.0,0.0
2020-05,ABS FLAKE,634.0,0.0,659.0,686.0,638.0,0.0,0.0,607.0
2020-05,PS FLAKE,535.0,0.0,578.0,546.0,0.0,0.0,0.0,521.0
2020-05,PP FLAKE,457.0,454.0,460.0,461.0,450.0,451.0,428.0,442.0
2020-05,PE FLAKE,490.0,485.0,498.0,497.0,485.0,483.0,483.0,476.0
2020-05,고무분말,0.0,0.0,0.0,209.0,233.0,0.0,0.0,0.0
2020-05,골판지,64.0,51.0,56.0,60.0,61.0,55.0,58.0,57.0
2020-06,PP FLAKE,450.0,450.0,450.0,456.0,440.0,441.0,418.0,430.0
2020-06,압축 PE,290.0,285.0,280.0,310.0,290.0,290.0,280.0,294.0
2020-06,PVC FLAKE,0.0,0.0,402.0,390.0,0.0,0.0,0.0,0.0
2020-06,PP PELLET,630.0,625.0,585.0,620.0,580.0,633.0,620.0,600.0
2020-06,PS PELLET,0.0,0.0,0.0,0.0,0.0,0.0,0.0,731.0
2020-06,ABS PELLET,1006.0,0.0,0.0,1069.0,979.0,0.0,0.0,956.0
2020-06,EPS PELLET,705.0,0.0,0.0,0.0,0.0,0.0,0.0,0.0
2020-06,압축 PET,222.0,209.0,230.0,208.0,207.0,210.0,208.0,227.0
2020-06,압축 PP,270.0,260.0,255.0,290.0,250.0,270.0,246.0,260.0
2020-06,백색유리병,58.0,51.0,56.0,58.0,62.0,62.0,60.0,59.0
2020-06,ABS FLAKE,634.0,0.0,659.0,686.0,638.0,0.0,0.0,607.0
2020-06,갈색유리병,35.0,29.0,37.0,33.0,34.0,38.0,38.0,33.0
2020-06,고철,200.0,188.0,170.0,175.0,200.0,190.0,190.0,171.0
2020-06,철캔,145.0,146.0,142.0,150.0,142.0,144.0,150.0,140.0
2020-06,알루미늄캔,920.0,916.0,824.0,835.0,900.0,895.0,867.0,830.0
2020-06,발포스티렌,450.0,440.0,441.0,442.0,447.0,446.0,450.0,447.0
2020-06,고무분말,0.0,0.0,0.0,200.0,223.0,0.0,0.0,0.0
2020-06,PE FLAKE,485.0,480.0,494.0,492.0,475.0,478.0,470.0,466.0
2020-06,골판지,70.0,56.0,60.0,65.0,61.0,60.0,63.0,58.0
2020-06,신문지,80.0,67.0,71.0,77.0,72.0,68.0,80.0,74.0
2020-06,청&녹색유리병,21.0,23.0,25.0,25.0,23.0,22.0,25.0,24.0
2020-06,PS FLAKE,535.0,0.0,578.0,546.0,0.0,0.0,0.0,500.0
2020-06,PE PELLET,679.0,697.0,678.0,655.0,631.0,683.0,682.0,678.0
2020-07,골판지,71.0,59.0,60.0,67.0,61.0,63.0,65.0,58.0
2020-07,고무분말,0.0,0.0,0.0,199.0,213.0,0.0,0.0,0.0
2020-07,발포스티렌,456.0,434.0,431.0,442.0,456.0,435.0,435.0,465.0
2020-07,알루미늄캔,927.0,925.0,837.0,861.0,910.0,902.0,872.0,842.0
2020-07,철캔,149.0,146.0,150.0,155.0,145.0,154.0,150.0,145.0
2020-07,고철,192.0,182.0,177.0,176.0,192.0,185.0,185.0,171.0
2020-07,청&녹색유리병,21.0,23.0,25.0,26.0,23.0,22.0,25.0,24.0
2020-07,갈색유리병,36.0,32.0,37.0,35.0,34.0,38.0,38.0,33.0
2020-07,PE FLAKE,479.0,468.0,480.0,478.0,470.0,472.0,470.0,466.0
2020-07,압축 PP,255.0,243.0,251.0,274.0,250.0,247.0,231.0,254.0
2020-07,압축 PE,280.0,263.0,276.0,285.0,270.0,273.0,275.0,287.0
2020-07,압축 PET,216.0,194.0,227.0,188.0,207.0,197.0,208.0,222.0
2020-07,백색유리병,58.0,54.0,56.0,58.0,62.0,62.0,60.0,59.0
2020-07,PP FLAKE,438.0,435.0,446.0,442.0,436.0,430.0,405.0,422.0
2020-07,ABS PELLET,1006.0,0.0,0.0,1069.0,979.0,0.0,0.0,966.0
2020-07,PS PELLET,0.0,0.0,0.0,0.0,0.0,0.0,0.0,718.0
2020-07,PP PELLET,611.0,605.0,585.0,614.0,571.0,633.0,617.0,588.0
2020-07,PE PELLET,666.0,684.0,675.0,641.0,631.0,673.0,677.0,670.0
2020-07,PVC FLAKE,0.0,0.0,396.0,390.0,0.0,0.0,0.0,0.0
2020-07,ABS FLAKE,634.0,0.0,659.0,686.0,638.0,0.0,0.0,615.0
2020-07,PS FLAKE,535.0,0.0,568.0,546.0,0.0,0.0,0.0,488.0
2020-07,EPS PELLET,705.0,0.0,0.0,0.0,0.0,0.0,0.0,0.0
2020-07,신문지,81.0,67.0,71.0,80.0,74.0,68.0,84.0,76.0
2020-08,PS PELLET,0.0,0.0,0.0,0.0,0.0,0.0,0.0,718.0
2020-08,PP PELLET,611.0,605.0,579.0,613.0,571.0,633.0,612.0,583.0
2020-08,PE PELLET,665.0,684.0,670.0,628.0,625.0,671.0,677.0,667.0
2020-08,PVC FLAKE,0.0,0.0,402.0,390.0,0.0,0.0,0.0,0.0
2020-08,PE FLAKE,467.0,468.0,480.0,473.0,466.0,468.0,454.0,466.0
2020-08,PS FLAKE,535.0,0.0,568.0,539.0,0.0,0.0,0.0,488.0
2020-08,PP FLAKE,426.0,435.0,435.0,439.0,428.0,417.0,398.0,421.0
2020-08,ABS PELLET,1006.0,0.0,0.0,1069.0,979.0,0.0,0.0,966.0
2020-08,ABS FLAKE,634.0,0.0,659.0,686.0,638.0,0.0,0.0,615.0
2020-08,EPS PELLET,705.0,0.0,0.0,0.0,0.0,0.0,0.0,0.0
2020-08,고무분말,0.0,0.0,0.0,195.0,213.0,0.0,0.0,0.0
2020-08,압축 PE,275.0,263.0,276.0,285.0,270.0,273.0,275.0,281.0
2020-08,압축 PP,253.0,243.0,245.0,274.0,250.0,247.0,231.0,254.0
2020-08,백색유리병,58.0,54.0,56.0,58.0,62.0,62.0,60.0,59.0
2020-08,갈색유리병,36.0,32.0,37.0,33.0,34.0,38.0,38.0,33.0
2020-08,청&녹색유리병,21.0,23.0,25.0,24.0,23.0,22.0,25.0,24.0
2020-08,고철,185.0,183.0,172.0,185.0,195.0,179.0,190.0,161.0
2020-08,철캔,155.0,146.0,153.0,164.0,158.0,154.0,160.0,150.0
2020-08,알루미늄캔,935.0,931.0,861.0,909.0,930.0,922.0,888.0,867.0
2020-08,발포스티렌,456.0,442.0,454.0,434.0,456.0,435.0,443.0,465.0
2020-08,골판지,73.0,63.0,61.0,69.0,61.0,65.0,65.0,60.0
2020-08,압축 PET,214.0,194.0,227.0,188.0,207.0,197.0,208.0,222.0
2020-08,신문지,83.0,71.0,73.0,83.0,74.0,68.0,84.0,76.0
2020-09,발포스티렌,456.0,444.0,461.0,434.0,456.0,463.0,444.0,465.0
2020-09,신문지,85.0,76.0,74.0,84.0,75.0,70.0,84.0,80.0
2020-09,알루미늄캔,977.0,959.0,903.0,950.0,980.0,942.0,916.0,900.0
2020-09,철캔,172.0,164.0,173.0,183.0,185.0,167.0,167.0,163.0
2020-09,고철,230.0,213.0,207.0,218.0,225.0,204.0,225.0,173.0
2020-09,청&녹색유리병,21.0,23.0,26.0,24.0,23.0,21.0,25.0,24.0
2020-09,갈색유리병,36.0,32.0,38.0,31.0,34.0,37.0,37.0,31.0
2020-09,백색유리병,58.0,54.0,56.0,58.0,62.0,62.0,60.0,59.0
2020-09,압축 PP,253.0,239.0,245.0,274.0,248.0,247.0,227.0,254.0
2020-09,압축 PE,275.0,259.0,278.0,285.0,270.0,268.0,272.0,281.0
2020-09,압축 PET,223.0,197.0,227.0,188.0,207.0,199.0,209.0,224.0
2020-09,EPS PELLET,705.0,0.0,0.0,0.0,0.0,0.0,0.0,0.0
2020-09,ABS PELLET,1006.0,0.0,0.0,1069.0,959.0,0.0,0.0,966.0
2020-09,PS PELLET,0.0,0.0,0.0,0.0,0.0,0.0,0.0,718.0
2020-09,PP PELLET,596.0,595.0,566.0,611.0,573.0,625.0,607.0,583.0
2020-09,PE PELLET,664.0,684.0,652.0,611.0,625.0,668.0,672.0,667.0
2020-09,PVC FLAKE,0.0,0.0,402.0,390.0,0.0,0.0,0.0,0.0
2020-09,ABS FLAKE,634.0,0.0,659.0,686.0,600.0,0.0,0.0,615.0
2020-09,PS FLAKE,535.0,0.0,568.0,539.0,0.0,0.0,0.0,488.0
2020-09,PP FLAKE,411.0,425.0,435.0,439.0,427.0,407.0,396.0,421.0
2020-09,PE FLAKE,461.0,461.0,469.0,473.0,463.0,468.0,452.0,466.0
2020-09,고무분말,0.0,0.0,0.0,196.0,223.0,0.0,0.0,0.0
2020-09,골판지,76.0,66.0,63.0,71.0,62.0,67.0,66.0,62.0
